"year","serata","serata_name","artist","song","ordine","totale_serata","posizione_relativa","classifica_serata","classifica_finale"
"2019","1","Prima serata","Francesco Renga","Aspetto che torni","1","24","0.0","",""
"2019","1","Prima serata","Nino D'Angelo e Livio Cori","Un'altra luce","2","24","0.0435","",""
"2019","1","Prima serata","Nek","Mi farò trovare pronto","3","24","0.087","",""
"2019","1","Prima serata","The Zen Circus","L'amore è una dittatura","4","24","0.1304","",""
"2019","1","Prima serata","Il Volo","Musica che resta","5","24","0.1739","",""
"2019","1","Prima serata","Loredana Bertè","Cosa ti aspetti da me","6","24","0.2174","",""
"2019","1","Prima serata","Daniele Silvestri","Argentovivo","7","24","0.2609","",""
"2019","1","Prima serata","Federica Carta e Shade","Senza farlo apposta","8","24","0.3043","",""
"2019","1","Prima serata","Ultimo","I tuoi particolari","9","24","0.3478","",""
"2019","1","Prima serata","Paola Turci","L'ultimo ostacolo","10","24","0.3913","",""
"2019","1","Prima serata","Motta","Dov'è l'Italia","11","24","0.4348","",""
"2019","1","Prima serata","Boomdabash","Per un milione","12","24","0.4783","",""
"2019","1","Prima serata","Patty Pravo con Briga","Un po' come la vita","13","24","0.5217","",""
"2019","1","Prima serata","Simone Cristicchi","Abbi cura di me","14","24","0.5652","",""
"2019","1","Prima serata","Achille Lauro","Rolls Royce","15","24","0.6087","",""
"2019","1","Prima serata","Arisa","Mi sento bene","16","24","0.6522","",""
"2019","1","Prima serata","Negrita","I ragazzi stanno bene","17","24","0.6957","",""
"2019","1","Prima serata","Ghemon","Rose viola","18","24","0.7391","",""
"2019","1","Prima serata","Einar","Parole nuove","19","24","0.7826","",""
"2019","1","Prima serata","Ex-Otago","Solo una canzone","20","24","0.8261","",""
"2019","1","Prima serata","Anna Tatangelo","Le nostre anime di notte","21","24","0.8696","",""
"2019","1","Prima serata","Irama","La ragazza con il cuore di latta","22","24","0.913","",""
"2019","1","Prima serata","Enrico Nigiotti","Nonno Hollywood","23","24","0.9565","",""
"2019","1","Prima serata","Mahmood","Soldi","24","24","1.0","",""
"2019","2","Seconda serata","Achille Lauro","Rolls Royce","1","12","0.0","",""
"2019","2","Seconda serata","Einar","Parole nuove","2","12","0.0909","",""
"2019","2","Seconda serata","Il Volo","Musica che resta","3","12","0.1818","",""
"2019","2","Seconda serata","Arisa","Mi sento bene","4","12","0.2727","",""
"2019","2","Seconda serata","Nek","Mi farò trovare pronto","5","12","0.3636","",""
"2019","2","Seconda serata","Daniele Silvestri","Argentovivo","6","12","0.4545","",""
"2019","2","Seconda serata","Ex-Otago","Solo una canzone","7","12","0.5455","",""
"2019","2","Seconda serata","Ghemon","Rose viola","8","12","0.6364","",""
"2019","2","Seconda serata","Loredana Bertè","Cosa ti aspetti da me","9","12","0.7273","",""
"2019","2","Seconda serata","Paola Turci","L'ultimo ostacolo","10","12","0.8182","",""
"2019","2","Seconda serata","Negrita","I ragazzi stanno bene","11","12","0.9091","",""
"2019","2","Seconda serata","Federica Carta e Shade","Senza farlo apposta","12","12","1.0","",""
"2019","3","Terza serata","Mahmood","Soldi","1","12","0.0","",""
"2019","3","Terza serata","Enrico Nigiotti","Nonno Hollywood","2","12","0.0909","",""
"2019","3","Terza serata","Anna Tatangelo","Le nostre anime di notte","3","12","0.1818","",""
"2019","3","Terza serata","Ultimo","I tuoi particolari","4","12","0.2727","",""
"2019","3","Terza serata","Francesco Renga","Aspetto che torni","5","12","0.3636","",""
"2019","3","Terza serata","Irama","La ragazza con il cuore di latta","6","12","0.4545","",""
"2019","3","Terza serata","Patty Pravo con Briga","Un po' come la vita","7","12","0.5455","",""
"2019","3","Terza serata","Simone Cristicchi","Abbi cura di me","8","12","0.6364","",""
"2019","3","Terza serata","Boomdabash","Per un milione","9","12","0.7273","",""
"2019","3","Terza serata","Motta","Dov'è l'Italia","10","12","0.8182","",""
"2019","3","Terza serata","The Zen Circus","L'amore è una dittatura","11","12","0.9091","",""
"2019","3","Terza serata","Nino D'Angelo e Livio Cori","Un'altra luce","12","12","1.0","",""
"2019","4","Quarta serata","Federica Carta e Shade","Senza farlo apposta","1","24","0.0","",""
"2019","4","Quarta serata","Motta","Dov'è l'Italia","2","24","0.0435","",""
"2019","4","Quarta serata","Irama","La ragazza con il cuore di latta","3","24","0.087","",""
"2019","4","Quarta serata","Patty Pravo con Briga","Un po' come la vita","4","24","0.1304","",""
"2019","4","Quarta serata","Negrita","I ragazzi stanno bene","5","24","0.1739","",""
"2019","4","Quarta serata","Il Volo","Musica che resta","6","24","0.2174","",""
"2019","4","Quarta serata","Arisa","Mi sento bene","7","24","0.2609","",""
"2019","4","Quarta serata","Mahmood","Soldi","8","24","0.3043","",""
"2019","4","Quarta serata","Ghemon","Rose viola","9","24","0.3478","",""
"2019","4","Quarta serata","Francesco Renga","Aspetto che torni","10","24","0.3913","",""
"2019","4","Quarta serata","Ultimo","I tuoi particolari","11","24","0.4348","",""
"2019","4","Quarta serata","Nek","Mi farò trovare pronto","12","24","0.4783","",""
"2019","4","Quarta serata","Boomdabash","Per un milione","13","24","0.5217","",""
"2019","4","Quarta serata","The Zen Circus","L'amore è una dittatura","14","24","0.5652","",""
"2019","4","Quarta serata","Paola Turci","L'ultimo ostacolo","15","24","0.6087","",""
"2019","4","Quarta serata","Anna Tatangelo","Le nostre anime di notte","16","24","0.6522","",""
"2019","4","Quarta serata","Ex-Otago","Solo una canzone","17","24","0.6957","",""
"2019","4","Quarta serata","Enrico Nigiotti","Nonno Hollywood","18","24","0.7391","",""
"2019","4","Quarta serata","Loredana Bertè","Cosa ti aspetti da me","19","24","0.7826","",""
"2019","4","Quarta serata","Daniele Silvestri","Argentovivo","20","24","0.8261","",""
"2019","4","Quarta serata","Einar","Parole nuove","21","24","0.8696","",""
"2019","4","Quarta serata","Simone Cristicchi","Abbi cura di me","22","24","0.913","",""
"2019","4","Quarta serata","Nino D'Angelo e Livio Cori","Un'altra luce","23","24","0.9565","",""
"2019","4","Quarta serata","Achille Lauro","Rolls Royce","24","24","1.0","",""
"2019","5","Classifica finale","Mahmood","Soldi","1","24","0.0","",""
"2019","5","Classifica finale","Ultimo","I tuoi particolari","2","24","0.0435","",""
"2019","5","Classifica finale","Il Volo","Musica che resta","3","24","0.087","",""
"2019","5","Classifica finale","Loredana Bertè","Cosa ti aspetti da me","4","24","0.1304","",""
"2019","5","Classifica finale","Simone Cristicchi","Abbi cura di me","5","24","0.1739","",""
"2019","5","Classifica finale","Daniele Silvestri","Argentovivo","6","24","0.2174","",""
"2019","5","Classifica finale","Irama","La ragazza con il cuore di latta","7","24","0.2609","",""
"2019","5","Classifica finale","Arisa","Mi sento bene","8","24","0.3043","",""
"2019","5","Classifica finale","Achille Lauro","Rolls Royce","9","24","0.3478","",""
"2019","5","Classifica finale","Enrico Nigiotti","Nonno Hollywood","10","24","0.3913","",""
"2019","5","Classifica finale","Boomdabash","Per un milione","11","24","0.4348","",""
"2019","5","Classifica finale","Ghemon","Rose viola","12","24","0.4783","",""
"2019","5","Classifica finale","Ex-Otago","Solo una canzone","13","24","0.5217","",""
"2019","5","Classifica finale","Motta","Dov'è l'Italia","14","24","0.5652","",""
"2019","5","Classifica finale","Francesco Renga","Aspetto che torni","15","24","0.6087","",""
"2019","5","Classifica finale","Paola Turci","L'ultimo ostacolo","16","24","0.6522","",""
"2019","5","Classifica finale","The Zen Circus","L'amore è una dittatura","17","24","0.6957","",""
"2019","5","Classifica finale","Federica Carta e Shade","Senza farlo apposta","18","24","0.7391","",""
"2019","5","Classifica finale","Nek","Mi farò trovare pronto","19","24","0.7826","",""
"2019","5","Classifica finale","Negrita","I ragazzi stanno bene","20","24","0.8261","",""
"2019","5","Classifica finale","Patty Pravo con Briga","Un po' come la vita","21","24","0.8696","",""
"2019","5","Classifica finale","Anna Tatangelo","Le nostre anime di notte","22","24","0.913","",""
"2019","5","Classifica finale","Einar","Parole nuove","23","24","0.9565","",""
"2019","5","Classifica finale","Nino D'Angelo e Livio Cori","Un'altra luce","24","24","1.0","",""
"2020","2","Seconda serata","Piero Pelù","Gigante","1","12","0.0","",""
"2020","2","Seconda serata","Elettra Lamborghini","Musica (e il resto scompare)","2","12","0.0909","",""
"2020","2","Seconda serata","Enrico Nigiotti","Baciami adesso","3","12","0.1818","",""
"2020","2","Seconda serata","Levante","Tikibombom","4","12","0.2727","",""
"2020","2","Seconda serata","Pinguini Tattici Nucleari","Ringo Starr","5","12","0.3636","",""
"2020","2","Seconda serata","Tosca","Ho amato tutto","6","12","0.4545","",""
"2020","2","Seconda serata","Francesco Gabbani","Viceversa","7","12","0.5455","",""
"2020","2","Seconda serata","Paolo Jannacci","Voglio parlarti adesso","8","12","0.6364","",""
"2020","2","Seconda serata","Rancore","Eden","9","12","0.7273","",""
"2020","2","Seconda serata","Junior Cally","No grazie","10","12","0.8182","",""
"2020","2","Seconda serata","Giordana Angi","Come mia madre","11","12","0.9091","",""
"2020","2","Seconda serata","Michele Zarrillo","Nell'estasi o nel fango","12","12","1.0","",""
"2020","3","Terza serata","Michele Zarrillo","Deborah (Fausto Leali - 1968)","1","24","0.0","",""
"2020","3","Terza serata","Junior Cally","Vado al massimo (Vasco Rossi - 1982)","2","24","0.0435","",""
"2020","3","Terza serata","Marco Masini","Vacanze romane (Matia Bazar - 1983)","3","24","0.087","",""
"2020","3","Terza serata","Riki","L'edera (Nilla Pizzi - 1958)","4","24","0.1304","",""
"2020","3","Terza serata","Raphael Gualazzi","E se domani (Fausto Cigliano e Gene Pitney - 1964)","5","24","0.1739","",""
"2020","3","Terza serata","Anastasio","Spalle al muro (Renato Zero - 1991)","6","24","0.2174","",""
"2020","3","Terza serata","Levante","Si può dare di più (Umberto Tozzi, Gianni Morandi & Enrico Ruggeri - 1987)","7","24","0.2609","",""
"2020","3","Terza serata","Alberto Urso","La voce del silenzio (Tony Del Monaco e Dionne Warwick - 1968)","8","24","0.3043","",""
"2020","3","Terza serata","Elodie","Adesso tu (Eros Ramazzotti - 1986)","9","24","0.3478","",""
"2020","3","Terza serata","Rancore","Luce (tramonti a nord est) (Elisa - 2001)","10","24","0.3913","",""
"2020","3","Terza serata","Pinguini Tattici Nucleari","Settanta volte (Medley)","11","24","0.4348","",""
"2020","3","Terza serata","Enrico Nigiotti","Ti regalerò una rosa (Simone Cristicchi - 2007)","12","24","0.4783","",""
"2020","3","Terza serata","Giordana Angi","La nevicata del '56 (Mia Martini - 1990)","13","24","0.5217","",""
"2020","3","Terza serata","Le Vibrazioni","Un'emozione da poco (Anna Oxa - 1978)","14","24","0.5652","",""
"2020","3","Terza serata","Diodato","24 mila baci (Adriano Celentano - 1961)","15","24","0.6087","",""
"2020","3","Terza serata","Tosca","Piazza Grande (Lucio Dalla - 1972)","16","24","0.6522","",""
"2020","3","Terza serata","Rita Pavone","1950 (Amedeo Minghi - 1983)","17","24","0.6957","",""
"2020","3","Terza serata","Achille Lauro","Gli uomini non cambiano (Mia Martini - 1992)","18","24","0.7391","",""
"2020","3","Terza serata","Bugo e Morgan","Canzone per te (Sergio Endrigo - 1968)","19","24","0.7826","",""
"2020","3","Terza serata","Irene Grandi","La musica è finita (Ornella Vanoni - 1967)","20","24","0.8261","",""
"2020","3","Terza serata","Piero Pelù","Cuore matto (Little Tony - 1967)","21","24","0.8696","",""
"2020","3","Terza serata","Paolo Jannacci","Se me lo dicevi prima (Enzo Jannacci - 1989)","22","24","0.913","",""
"2020","3","Terza serata","Elettra Lamborghini","Non succederà più (Claudia Mori - 1982)","23","24","0.9565","",""
"2020","3","Terza serata","Francesco Gabbani","L'italiano (Toto Cutugno - 1983)","24","24","1.0","",""
"2020","5","Nuove proposte - Quarti di finale","Irene Grandi","Finalmente io","1","12","0.0","",""
"2020","5","Classifica finale","Leo Gassmann","Vai bene così","1","8","0.0","",""
"2020","5","Nuove proposte - Finale","Paolo Jannacci","Voglio parlarti adesso","1","24","0.0","",""
"2020","5","Nuove proposte - Quarti di finale","Marco Masini","Il confronto","2","12","0.0909","",""
"2020","5","Nuove proposte - Finale","Rancore","Eden","2","24","0.0435","",""
"2020","5","Classifica finale","Tecla","8 marzo","2","8","0.1429","",""
"2020","5","Classifica finale","Fasma","Per sentirmi vivo","3","8","0.2857","",""
"2020","5","Nuove proposte - Finale","Giordana Angi","Come mia madre","3","24","0.087","",""
"2020","5","Nuove proposte - Quarti di finale","Rita Pavone","Niente (Resilienza 74)","3","12","0.1818","",""
"2020","5","Nuove proposte - Quarti di finale","Achille Lauro","Me ne frego","4","12","0.2727","",""
"2020","5","Nuove proposte - Finale","Francesco Gabbani","Viceversa","4","24","0.1304","",""
"2020","5","Classifica finale","Marco Sentieri","Billy Blu","4","8","0.4286","",""
"2020","5","Nuove proposte - Quarti di finale","Diodato","Fai rumore","5","12","0.3636","",""
"2020","5","Classifica finale","Gabriella Martinelli e Lula","Il gigante d'acciaio","5","8","0.5714","",""
"2020","5","Nuove proposte - Quarti di finale","Le Vibrazioni","Dov'è","6","12","0.4545","",""
"2020","5","Classifica finale","Matteo Faustini","Nel bene e nel male","6","8","0.7143","",""
"2020","5","Nuove proposte - Finale","Pinguini Tattici Nucleari","Ringo Starr","6","24","0.2174","",""
"2020","5","Nuove proposte - Quarti di finale","Anastasio","Rosso di rabbia","7","12","0.5455","",""
"2020","5","Classifica finale","Eugenio in Via Di Gioia","Tsunami","7","8","0.8571","",""
"2020","5","Nuove proposte - Quarti di finale","Elodie","Andromeda","8","12","0.6364","",""
"2020","5","Classifica finale","Fadi","Due noi","8","8","1.0","",""
"2020","5","Nuove proposte - Quarti di finale","Bugo e Morgan","Sincero","9","12","0.7273","",""
"2020","5","Nuove proposte - Quarti di finale","Alberto Urso","Il sole ad est","10","12","0.8182","",""
"2020","5","Nuove proposte - Quarti di finale","Riki","Lo sappiamo entrambi","11","12","0.9091","",""
"2020","5","Nuove proposte - Quarti di finale","Raphael Gualazzi","Carioca","12","12","1.0","",""
"2020","5","Nuove proposte - Finale","Piero Pelù","Gigante","13","24","0.5217","",""
"2020","5","Nuove proposte - Finale","Tosca","Ho amato tutto","14","24","0.5652","",""
"2020","5","Nuove proposte - Finale","Michele Zarrillo","Nell'estasi o nel fango","15","24","0.6087","",""
"2020","5","Nuove proposte - Finale","Junior Cally","No grazie","16","24","0.6522","",""
"2020","5","Nuove proposte - Finale","Levante","Tikibombom","19","24","0.7826","",""
"2020","5","Nuove proposte - Finale","Enrico Nigiotti","Baciami adesso","22","24","0.913","",""
"2020","5","Nuove proposte - Finale","Elettra Lamborghini","Musica (e il resto scompare)","23","24","0.9565","",""
"2021","1","Prima serata","Arisa","Potevi fare di più","1","13","0.0","11","9"
"2021","1","Prima serata","Colapesce Dimartino","Musica leggerissima","2","13","0.0833","17","4"
"2021","1","Prima serata","Aiello","Ora","3","13","0.1667","26","26"
"2021","1","Prima serata","Francesca Michielin e Fedez","Chiamami per nome","4","13","0.25","7","2"
"2021","1","Prima serata","Max Gazzè e La Trifluoperazina Monstery Band","Il farmacista","5","13","0.3333","16","20"
"2021","1","Prima serata","Noemi","Glicine","6","13","0.4167","5","12"
"2021","1","Prima serata","Madame","Voce","7","13","0.5","20","8"
"2021","1","Prima serata","Måneskin","Zitti e buoni","8","13","0.5833","15",""
"2021","1","Prima serata","Ghemon","Momento perfetto","9","13","0.6667","25","21"
"2021","1","Prima serata","Coma Cose","Fiamme negli occhi","10","13","0.75","18",""
"2021","1","Prima serata","Annalisa","Dieci","11","13","0.8333","2","6"
"2021","1","Prima serata","Francesco Renga","Quando trovo te","12","13","0.9167","10","23"
"2021","1","Prima serata","Fasma","Parlami","13","13","1.0","6","17"
"2021","2","Seconda serata","Orietta Berti","Quando ti sei innamorato","1","13","0.0","22","19"
"2021","2","Seconda serata","Bugo","E invece sì","2","13","0.0833","24","24"
"2021","2","Seconda serata","Gaia","Cuore amaro","3","13","0.1667","12","16"
"2021","2","Seconda serata","Lo Stato Sociale","Combat pop","4","13","0.25","8","10"
"2021","2","Seconda serata","La Rappresentante di Lista","Amare","5","13","0.3333","14","14"
"2021","2","Seconda serata","Malika Ayane","Ti piaci così","6","13","0.4167","4","11"
"2021","2","Seconda serata","Ermal Meta","Un milione di cose da dirti","7","13","0.5","1","3"
"2021","2","Seconda serata","Extraliscio con Davide Toffolo","Bianca luce nera","8","13","0.5833","19","15"
"2021","2","Seconda serata","Random","Torno a te","9","13","0.6667","23","25"
"2021","2","Seconda serata","Fulminacci","Santa Marinella","10","13","0.75","13","18"
"2021","2","Seconda serata","Willie Peyote","Mai dire mai (la locura)","11","13","0.8333","9","7"
"2021","2","Seconda serata","Gio Evan","Arnica","12","13","0.9167","21","22"
"2021","2","Seconda serata","Irama","La genesi del tuo colore","13","13","1.0","3","5"
"2021","3","Terza serata","Noemi","Prima di andare via (Neffa - 2003)","1","26","0.0","12","12"
"2021","3","Terza serata","Fulminacci","Penso positivo (Jovanotti - 1994)","2","26","0.04","15","18"
"2021","3","Terza serata","Francesco Renga","Una ragione di più (Ornella Vanoni - 1969)","3","26","0.08","18","23"
"2021","3","Terza serata","Extraliscio con Davide Toffolo","Medley Rosamunda (Medley)","4","26","0.12","8","15"
"2021","3","Terza serata","Fasma","La fine (Nesli - 2009)","5","26","0.16","16","17"
"2021","3","Terza serata","Bugo","Un'avventura (Lucio Battisti - 1969)","6","26","0.2","23","24"
"2021","3","Terza serata","Francesca Michielin e Fedez","E allora felicità (Medley)","7","26","0.24","19","2"
"2021","3","Terza serata","Irama","Cyrano (Francesco Guccini - 1996)","8","26","0.28","5","5"
"2021","3","Terza serata","Måneskin","Amandoti (CCCP - Fedeli alla linea - 1990)","9","26","0.32","10",""
"2021","3","Terza serata","Random","Ragazzo fortunato (Jovanotti - 1992)","10","26","0.36","24","25"
"2021","3","Terza serata","Willie Peyote","Giudizi universali (Samuele Bersani - 1997)","11","26","0.4","3","7"
"2021","3","Terza serata","Orietta Berti","Io che amo solo te (Sergio Endrigo - 1962)","12","26","0.44","9","19"
"2021","3","Terza serata","Gio Evan","Gli anni (883 - 1995)","13","26","0.48","22","22"
"2021","3","Terza serata","Ghemon","L'essere infinito (L.E.I.) (Medley)","14","26","0.52","20","21"
"2021","3","Terza serata","La Rappresentante di Lista","Splendido splendente (Donatella Rettore - 1979)","15","26","0.56","11","14"
"2021","3","Terza serata","Arisa","Quando (Pino Daniele - 1991)","16","26","0.6","4","9"
"2021","3","Terza serata","Madame","Prisencolinensinainciusol (Adriano Celentano - 1972)","17","26","0.64","21","8"
"2021","3","Terza serata","Lo Stato Sociale","Non è per sempre (Afterhours - 1999)","18","26","0.68","6","10"
"2021","3","Terza serata","Annalisa","La musica è finita (Ornella Vanoni - 1967)","19","26","0.72","2","6"
"2021","3","Terza serata","Gaia","Mi sono innamorato di te (Luigi Tenco - 1962)","20","26","0.76","14","16"
"2021","3","Terza serata","Colapesce Dimartino","Povera patria (Franco Battiato - 1991)","21","26","0.8","17","4"
"2021","3","Terza serata","Coma Cose","Il mio canto libero (Lucio Battisti - 1972)","22","26","0.84","26",""
"2021","3","Terza serata","Malika Ayane","Insieme a te non ci sto più (Caterina Caselli - 1968)","23","26","0.88","7","11"
"2021","3","Terza serata","Max Gazzè","Del mondo (C.S.I. - 1994)","24","26","0.92","13","20"
"2021","3","Terza serata","Ermal Meta","Caruso (Lucio Dalla - 1986)","25","26","0.96","1","3"
"2021","3","Terza serata","Aiello","Gianna (Rino Gaetano - 1978)","26","26","1.0","25","26"
"2021","5","Nuove proposte - Finale","Annalisa","Dieci","1","26","0.0","4","6"
"2021","5","Nuove proposte - Finale","Aiello","Ora","2","26","0.04","26","26"
"2021","5","Nuove proposte - Finale","Måneskin","Zitti e buoni","3","26","0.08","5",""
"2021","5","Nuove proposte - Finale","Noemi","Glicine","4","26","0.12","10","12"
"2021","5","Nuove proposte - Finale","Orietta Berti","Quando ti sei innamorato","5","26","0.16","12","19"
"2021","5","Nuove proposte - Finale","Colapesce Dimartino","Musica leggerissima","6","26","0.2","8","4"
"2021","5","Nuove proposte - Finale","Max Gazzè","Il farmacista","7","26","0.24","14","20"
"2021","5","Nuove proposte - Finale","Willie Peyote","Mai dire mai (la locura)","8","26","0.28","2","7"
"2021","5","Nuove proposte - Finale","Malika Ayane","Ti piaci così","9","26","0.32","9","11"
"2021","5","Nuove proposte - Finale","La Rappresentante di Lista","Amare","10","26","0.36","7","14"
"2021","5","Nuove proposte - Finale","Madame","Voce","11","26","0.4","18","8"
"2021","5","Nuove proposte - Finale","Arisa","Potevi fare di più","12","26","0.44","3","9"
"2021","5","Nuove proposte - Finale","Coma Cose","Fiamme negli occhi","13","26","0.48","22",""
"2021","5","Nuove proposte - Finale","Fasma","Parlami","14","26","0.52","19","17"
"2021","5","Nuove proposte - Finale","Lo Stato Sociale","Combat pop","15","26","0.56","11","10"
"2021","5","Nuove proposte - Finale","Francesca Michielin e Fedez","Chiamami per nome","16","26","0.6","17","2"
"2021","5","Nuove proposte - Finale","Irama","La genesi del tuo colore","17","26","0.64","6","5"
"2021","5","Nuove proposte - Finale","Extraliscio con Davide Toffolo","Bianca luce nera","18","26","0.68","13","15"
"2021","5","Nuove proposte - Finale","Ghemon","Momento perfetto","19","26","0.72","20","21"
"2021","5","Nuove proposte - Finale","Francesco Renga","Quando trovo te","20","26","0.76","21","23"
"2021","5","Nuove proposte - Finale","Gio Evan","Arnica","21","26","0.8","23","22"
"2021","5","Nuove proposte - Finale","Ermal Meta","Un milione di cose da dirti","22","26","0.84","1","3"
"2021","5","Nuove proposte - Finale","Bugo","E invece sì","23","26","0.88","24","24"
"2021","5","Nuove proposte - Finale","Fulminacci","Santa Marinella","24","26","0.92","15","18"
"2021","5","Nuove proposte - Finale","Gaia","Cuore amaro","25","26","0.96","16","16"
"2021","5","Nuove proposte - Finale","Random","Torno a te","26","26","1.0","25","25"
"2021","5","Campioni - Finale - 2ª parte","Gaudiano","Polvere da sparo","27","27","1.0","",""
"2022","1","Prima serata","Achille Lauro con Harlem Gospel Choir","Domenica","1","12","0.0","","13"
"2022","1","Prima serata","Yuman","Ora e qui","2","12","0.0909","","23"
"2022","1","Prima serata","Noemi","Ti amo non lo so dire","3","12","0.1818","","15"
"2022","1","Prima serata","Gianni Morandi","Apri tutte le porte","4","12","0.2727","","3"
"2022","1","Prima serata","La Rappresentante di Lista","Ciao ciao","5","12","0.3636","","7"
"2022","1","Prima serata","Michele Bravi","Inverno dei fiori","6","12","0.4545","","10"
"2022","1","Prima serata","Massimo Ranieri","Lettera di là dal mare","7","12","0.5455","","8"
"2022","1","Prima serata","Mahmood e Blanco","Brividi","8","12","0.6364","","1"
"2022","1","Prima serata","Ana Mena","Duecentomila ore","9","12","0.7273","","24"
"2022","1","Prima serata","Rkomi","Insuperabile","10","12","0.8182","","11"
"2022","1","Prima serata","Dargen D'Amico","Dove si balla","11","12","0.9091","","9"
"2022","1","Prima serata","Giusy Ferreri","Miele","12","12","1.0","","20"
"2022","2","Seconda serata","Sangiovanni","Farfalle","1","13","0.0","","5"
"2022","2","Seconda serata","Giovanni Truppi","Tuo padre, mia madre, Lucia","2","13","0.0833","","22"
"2022","2","Seconda serata","Le Vibrazioni","Tantissimo","3","13","0.1667","","19"
"2022","2","Seconda serata","Emma","Ogni volta è così","4","13","0.25","","6"
"2022","2","Seconda serata","Matteo Romano","Virale","5","13","0.3333","","17"
"2022","2","Seconda serata","Iva Zanicchi","Voglio amarti","6","13","0.4167","","21"
"2022","2","Seconda serata","Ditonellapiaga e Rettore","Chimica","7","13","0.5","","16"
"2022","2","Seconda serata","Elisa","O forse sei tu","8","13","0.5833","","2"
"2022","2","Seconda serata","Fabrizio Moro","Sei tu","9","13","0.6667","","12"
"2022","2","Seconda serata","Tananai","Sesso occasionale","10","13","0.75","","25"
"2022","2","Seconda serata","Irama","Ovunque sarai","11","13","0.8333","","4"
"2022","2","Seconda serata","AKA 7even","Perfetta così","12","13","0.9167","","14"
"2022","2","Seconda serata","Highsnob e Hu","Abbi cura di te","13","13","1.0","","18"
"2022","3","Terza serata","Giusy Ferreri","Miele","1","25","0.0","","20"
"2022","3","Terza serata","Highsnob e Hu","Abbi cura di te","2","25","0.0417","","18"
"2022","3","Terza serata","Fabrizio Moro","Sei tu","3","25","0.0833","","12"
"2022","3","Terza serata","AKA 7even","Perfetta così","4","25","0.125","","14"
"2022","3","Terza serata","Massimo Ranieri","Lettera di là dal mare","5","25","0.1667","","8"
"2022","3","Terza serata","Dargen D'Amico","Dove si balla","6","25","0.2083","","9"
"2022","3","Terza serata","Irama","Ovunque sarai","7","25","0.25","","4"
"2022","3","Terza serata","Ditonellapiaga e Rettore","Chimica","8","25","0.2917","","16"
"2022","3","Terza serata","Michele Bravi","Inverno dei fiori","9","25","0.3333","","10"
"2022","3","Terza serata","Rkomi","Insuperabile","10","25","0.375","","11"
"2022","3","Terza serata","Mahmood e Blanco","Brividi","11","25","0.4167","","1"
"2022","3","Terza serata","Gianni Morandi","Apri tutte le porte","12","25","0.4583","","3"
"2022","3","Terza serata","Tananai","Sesso occasionale","13","25","0.5","","25"
"2022","3","Terza serata","Elisa","O forse sei tu","14","25","0.5417","","2"
"2022","3","Terza serata","La Rappresentante di Lista","Ciao ciao","15","25","0.5833","","7"
"2022","3","Terza serata","Iva Zanicchi","Voglio amarti","16","25","0.625","","21"
"2022","3","Terza serata","Achille Lauro con Harlem Gospel Choir","Domenica","17","25","0.6667","","13"
"2022","3","Terza serata","Matteo Romano","Virale","18","25","0.7083","","17"
"2022","3","Terza serata","Ana Mena","Duecentomila ore","19","25","0.75","","24"
"2022","3","Terza serata","Sangiovanni","Farfalle","20","25","0.7917","","5"
"2022","3","Terza serata","Emma","Ogni volta è così","21","25","0.8333","","6"
"2022","3","Terza serata","Yuman","Ora e qui","22","25","0.875","","23"
"2022","3","Terza serata","Le Vibrazioni","Tantissimo","23","25","0.9167","","19"
"2022","3","Terza serata","Giovanni Truppi","Tuo padre, mia madre, Lucia","24","25","0.9583","","22"
"2022","3","Terza serata","Noemi","Ti amo non lo so dire","25","25","1.0","","15"
"2022","4","Quarta serata","Noemi","(You Make Me Feel Like) A Natural Woman (Aretha Franklin - 1967)","1","25","0.0","","15"
"2022","4","Quarta serata","Giovanni Truppi","Nella mia ora di libertà (Fabrizio De André - 1973)","2","25","0.0417","","22"
"2022","4","Quarta serata","Yuman","My Way (Frank Sinatra - 1969)","3","25","0.0833","","23"
"2022","4","Quarta serata","Le Vibrazioni","Live and Let Die (Paul McCartney - 1973)","4","25","0.125","","19"
"2022","4","Quarta serata","Sangiovanni","A muso duro (Pierangelo Bertoli - 1979)","5","25","0.1667","","5"
"2022","4","Quarta serata","Emma","...Baby One More Time (Britney Spears - 1998)","6","25","0.2083","","6"
"2022","4","Quarta serata","Gianni Morandi","Medley","7","25","0.25","","3"
"2022","4","Quarta serata","Elisa","What a Feeling (Irene Cara - 1983)","8","25","0.2917","","2"
"2022","4","Quarta serata","Achille Lauro","Sei bellissima (Loredana Bertè - 1975)","9","25","0.3333","","13"
"2022","4","Quarta serata","Matteo Romano","Your Song (Elton John - 1970)","10","25","0.375","","17"
"2022","4","Quarta serata","Irama","La mia storia tra le dita (Gianluca Grignani - 1994)","11","25","0.4167","","4"
"2022","4","Quarta serata","Ditonellapiaga e Rettore","Nessuno mi può giudicare (Caterina Caselli - 1966)","12","25","0.4583","","16"
"2022","4","Quarta serata","Iva Zanicchi","Canzone (Milva - 1968)","13","25","0.5","","21"
"2022","4","Quarta serata","Ana Mena","Medley","14","25","0.5417","","24"
"2022","4","Quarta serata","La Rappresentante di Lista","Be My Baby (The Ronettes - 1963)","15","25","0.5833","","7"
"2022","4","Quarta serata","Massimo Ranieri","Anna verrà (Pino Daniele - 1989)","16","25","0.625","","8"
"2022","4","Quarta serata","Michele Bravi","Io vorrei... non vorrei... ma se vuoi (Lucio Battisti - 1972)","17","25","0.6667","","10"
"2022","4","Quarta serata","Mahmood e Blanco","Il cielo in una stanza (Gino Paoli - 1960)","18","25","0.7083","","1"
"2022","4","Quarta serata","Rkomi","Medley Vasco '80","19","25","0.75","","11"
"2022","4","Quarta serata","AKA 7even","Cambiare (Alex Baroni - 1997)","20","25","0.7917","","14"
"2022","4","Quarta serata","Highsnob e Hu","Mi sono innamorato di te (Luigi Tenco - 1962)","21","25","0.8333","","18"
"2022","4","Quarta serata","Dargen D'Amico","La bambola (Patty Pravo - 1968)","22","25","0.875","","9"
"2022","4","Quarta serata","Giusy Ferreri","Io vivrò (senza te) (Lucio Battisti - 1968)","23","25","0.9167","","20"
"2022","4","Quarta serata","Fabrizio Moro","Uomini soli (Pooh - 1990)","24","25","0.9583","","12"
"2022","4","Quarta serata","Tananai","A far l'amore comincia tu (Raffaella Carrà - 1976)","25","25","1.0","","25"
"2022","5","Partecipanti e classifica finale","Mahmood e Blanco","Brividi","1","25","0.0","","1"
"2022","5","Partecipanti e classifica finale","Sangiovanni","Farfalle","5","25","0.1667","","5"
"2022","5","Partecipanti e classifica finale","Dargen D'Amico","Dove si balla","9","25","0.3333","","9"
"2022","5","Partecipanti e classifica finale","Matteo Romano","Virale","11","25","0.4167","","17"
"2022","5","Partecipanti e classifica finale","AKA 7even","Perfetta così","13","25","0.5","","14"
"2022","5","Partecipanti e classifica finale","Achille Lauro con Harlem Gospel Choir","Domenica","14","25","0.5417","","13"
"2022","5","Partecipanti e classifica finale","Ditonellapiaga e Rettore","Chimica","16","25","0.625","","16"
"2022","5","Partecipanti e classifica finale","Rkomi","Insuperabile","17","25","0.6667","","11"
"2022","5","Partecipanti e classifica finale","Giovanni Truppi","Tuo padre, mia madre, Lucia","19","25","0.75","","22"
"2022","5","Partecipanti e classifica finale","Highsnob e Hu","Abbi cura di te","20","25","0.7917","","18"
"2022","5","Partecipanti e classifica finale","Yuman","Ora e qui","21","25","0.8333","","23"
"2022","5","Partecipanti e classifica finale","Ana Mena","Duecentomila ore","24","25","0.9583","","24"
"2022","5","Partecipanti e classifica finale","Tananai","Sesso occasionale","25","25","1.0","","25"
"2022","5","Partecipanti e classifica finale","Massimo Ranieri","Lettera di là dal mare","1997","25","83.1667","","8"
"2022","5","Partecipanti e classifica finale","Gianni Morandi","Apri tutte le porte","2000","25","83.2917","","3"
"2022","5","Partecipanti e classifica finale","Elisa","O forse sei tu","2001","25","83.3333","","2"
"2022","5","Partecipanti e classifica finale","Iva Zanicchi","Voglio amarti","2009","25","83.6667","","21"
"2022","5","Partecipanti e classifica finale","Emma","Ogni volta è così","2012","25","83.7917","","6"
"2022","5","Partecipanti e classifica finale","Giusy Ferreri","Miele","2017","25","84.0","","20"
"2022","5","Partecipanti e classifica finale","Michele Bravi","Inverno dei fiori","2017","25","84.0","","10"
"2022","5","Partecipanti e classifica finale","Fabrizio Moro","Sei tu","2018","25","84.0417","","12"
"2022","5","Partecipanti e classifica finale","Le Vibrazioni","Tantissimo","2020","25","84.125","","19"
"2022","5","Partecipanti e classifica finale","Irama","Ovunque sarai","2021","25","84.1667","","4"
"2022","5","Partecipanti e classifica finale","La Rappresentante di Lista","Ciao ciao","2021","25","84.1667","","7"
"2022","5","Partecipanti e classifica finale","Noemi","Ti amo non lo so dire","2021","25","84.1667","","15"
"2023","1","Prima serata","Anna Oxa","Sali (canto dell'anima)","1","14","0.0","","24"
"2023","1","Prima serata","Gianmaria","Mostro","2","14","0.0769","","20"
"2023","1","Prima serata","Mr. Rain","Supereroi","3","14","0.1538","",""
"2023","1","Prima serata","Marco Mengoni","Due vite","4","14","0.2308","","1"
"2023","1","Prima serata","Ariete","Mare di guai","5","14","0.3077","","16"
"2023","1","Prima serata","Ultimo","Alba","6","14","0.3846","","4"
"2023","1","Prima serata","Coma_Cose","L'addio","7","14","0.4615","",""
"2023","1","Prima serata","Elodie","Due","8","14","0.5385","","9"
"2023","1","Prima serata","Leo Gassmann","Terzo cuore","9","14","0.6154","","18"
"2023","1","Prima serata","Cugini di Campagna","Lettera 22","10","14","0.6923","","23"
"2023","1","Prima serata","Gianluca Grignani","Quando ti manca il fiato","11","14","0.7692","","13"
"2023","1","Prima serata","Olly","Polvere","12","14","0.8462","","22"
"2023","1","Prima serata","Colla Zio","Non mi va","13","14","0.9231","","19"
"2023","1","Prima serata","Mara Sattei","Duemilaminuti","14","14","1.0","","21"
"2023","2","Seconda serata","Will","Stupido","1","14","0.0","","27"
"2023","2","Seconda serata","Modà","Lasciami","2","14","0.0769","","12"
"2023","2","Seconda serata","Sethu","Cause perse","3","14","0.1538","","28"
"2023","2","Seconda serata","Articolo 31","Un bel viaggio","4","14","0.2308","","10"
"2023","2","Seconda serata","Lazza","Cenere","5","14","0.3077","","2"
"2023","2","Seconda serata","Giorgia","Parole dette male","6","14","0.3846","","7"
"2023","2","Seconda serata","Colapesce Dimartino","Splash","7","14","0.4615","","8"
"2023","2","Seconda serata","Shari","Egoista","8","14","0.5385","","26"
"2023","2","Seconda serata","Madame","Il bene nel male","9","14","0.6154","","6"
"2023","2","Seconda serata","Levante","Vivo","10","14","0.6923","","11"
"2023","2","Seconda serata","Tananai","Tango","11","14","0.7692","","5"
"2023","2","Seconda serata","Rosa Chemical","Made in Italy","12","14","0.8462","","14"
"2023","2","Seconda serata","LDA","Se poi domani","13","14","0.9231","","17"
"2023","2","Seconda serata","Paola & Chiara","Furore","14","14","1.0","","15"
"2023","3","Terza serata","Paola & Chiara","Furore","1","28","0.0","","15"
"2023","3","Terza serata","Mara Sattei","Duemilaminuti","2","28","0.037","","21"
"2023","3","Terza serata","Rosa Chemical","Made in Italy","3","28","0.0741","","14"
"2023","3","Terza serata","Gianluca Grignani","Quando ti manca il fiato","4","28","0.1111","","13"
"2023","3","Terza serata","Levante","Vivo","5","28","0.1481","","11"
"2023","3","Terza serata","Tananai","Tango","6","28","0.1852","","5"
"2023","3","Terza serata","Lazza","Cenere","7","28","0.2222","","2"
"2023","3","Terza serata","LDA","Se poi domani","8","28","0.2593","","17"
"2023","3","Terza serata","Madame","Il bene nel male","9","28","0.2963","","6"
"2023","3","Terza serata","Ultimo","Alba","10","28","0.3333","","4"
"2023","3","Terza serata","Elodie","Due","11","28","0.3704","","9"
"2023","3","Terza serata","Mr. Rain","Supereroi","12","28","0.4074","",""
"2023","3","Terza serata","Giorgia","Parole dette male","13","28","0.4444","","7"
"2023","3","Terza serata","Colla Zio","Non mi va","14","28","0.4815","","19"
"2023","3","Terza serata","Marco Mengoni","Due vite","15","28","0.5185","","1"
"2023","3","Terza serata","Colapesce Dimartino","Splash","16","28","0.5556","","8"
"2023","3","Terza serata","Coma_Cose","L'addio","17","28","0.5926","",""
"2023","3","Terza serata","Leo Gassmann","Terzo cuore","18","28","0.6296","","18"
"2023","3","Terza serata","Cugini di Campagna","Lettera 22","19","28","0.6667","","23"
"2023","3","Terza serata","Olly","Polvere","20","28","0.7037","","22"
"2023","3","Terza serata","Anna Oxa","Sali (canto dell'anima)","21","28","0.7407","","24"
"2023","3","Terza serata","Articolo 31","Un bel viaggio","22","28","0.7778","","10"
"2023","3","Terza serata","Ariete","Mare di guai","23","28","0.8148","","16"
"2023","3","Terza serata","Sethu","Cause perse","24","28","0.8519","","28"
"2023","3","Terza serata","Shari","Egoista","25","28","0.8889","","26"
"2023","3","Terza serata","Gianmaria","Mostro","26","28","0.9259","","20"
"2023","3","Terza serata","Modà","Lasciami","27","28","0.963","","12"
"2023","3","Terza serata","Will","Stupido","28","28","1.0","","27"
"2023","4","Quarta serata","Ariete","Centro di gravità permanente (Franco Battiato - 1981)","1","28","0.0","","16"
"2023","4","Quarta serata","Will","Cinque giorni (Michele Zarrillo - 1994)","2","28","0.037","","27"
"2023","4","Quarta serata","Elodie","American Woman (The Guess Who - 1970)","3","28","0.0741","","9"
"2023","4","Quarta serata","Olly","La notte vola (Lorella Cuccarini - 1989)","4","28","0.1111","","22"
"2023","4","Quarta serata","Ultimo","Medley Eros Ramazzotti (Medley)","5","28","0.1481","","4"
"2023","4","Quarta serata","Lazza","La fine (Nesli - 2009)","6","28","0.1852","","2"
"2023","4","Quarta serata","Tananai","Vorrei cantare come Biagio (Simone Cristicchi - 2005) / Sognami (Biagio Antonacci - 2007)","7","28","0.2222","","5"
"2023","4","Quarta serata","Shari","Hai scelto un diavolo in me (Medley)","8","28","0.2593","","26"
"2023","4","Quarta serata","Gianluca Grignani","Destinazione Paradiso (Gianluca Grignani - 1995)","9","28","0.2963","","13"
"2023","4","Quarta serata","Leo Gassmann","Medley Edoardo Bennato (Medley)","10","28","0.3333","","18"
"2023","4","Quarta serata","Articolo 31","Medley Articolo 31 (Medley)","11","28","0.3704","","10"
"2023","4","Quarta serata","Giorgia","Luce (tramonti a nord est) (Elisa - 2001) / Di sole e d'azzurro (Giorgia - 2001)","12","28","0.4074","","7"
"2023","4","Quarta serata","Colapesce Dimartino","Azzurro (Adriano Celentano - 1968)","13","28","0.4444","","8"
"2023","4","Quarta serata","Cugini di Campagna","La forza della vita (Paolo Vallesi - 1992) / Anima mia (I Cugini di Campagna - 1973)","14","28","0.4815","","23"
"2023","4","Quarta serata","Marco Mengoni","Let It Be (The Beatles - 1970)","15","28","0.5185","","1"
"2023","4","Quarta serata","Gianmaria","Quello che non c'è (Afterhours - 2002)","16","28","0.5556","","20"
"2023","4","Quarta serata","Mr. Rain","Qualcosa di grande (Lùnapop - 2000)","17","28","0.5926","",""
"2023","4","Quarta serata","Madame","Via del Campo (Fabrizio De André - 1967)","18","28","0.6296","","6"
"2023","4","Quarta serata","Coma_Cose","Sarà perché ti amo (Ricchi e Poveri - 1981)","19","28","0.6667","",""
"2023","4","Quarta serata","Rosa Chemical","America (Gianna Nannini - 1979)","20","28","0.7037","","14"
"2023","4","Quarta serata","Modà","Vieni da me (Le Vibrazioni - 2003)","21","28","0.7407","","12"
"2023","4","Quarta serata","Levante","Vivere (Vasco Rossi - 1993)","22","28","0.7778","","11"
"2023","4","Quarta serata","Anna Oxa","Un'emozione da poco (Anna Oxa - 1978)","23","28","0.8148","","24"
"2023","4","Quarta serata","Sethu","Charlie fa surf (Baustelle - 2008)","24","28","0.8519","","28"
"2023","4","Quarta serata","LDA","Oggi sono io (Alex Britti - 1999)","25","28","0.8889","","17"
"2023","4","Quarta serata","Mara Sattei","L'amour toujours (I'll Fly with You) (Gigi D'Agostino - 1999)","26","28","0.9259","","21"
"2023","4","Quarta serata","Paola & Chiara","Medley Paola & Chiara (Medley)","27","28","0.963","","15"
"2023","4","Quarta serata","Colla Zio","Salirò (Daniele Silvestri - 2002)","28","28","1.0","","19"
"2023","5","Partecipanti e classifica finale","Marco Mengoni","Due vite","1","28","0.0","","1"
"2023","5","Partecipanti e classifica finale","Lazza","Cenere","2","28","0.037","","2"
"2023","5","Partecipanti e classifica finale","Mr. Rain","Supereroi","3","28","0.0741","",""
"2023","5","Partecipanti e classifica finale","Ultimo","Alba","4","28","0.1111","","4"
"2023","5","Partecipanti e classifica finale","Tananai","Tango","5","28","0.1481","","5"
"2023","5","Partecipanti e classifica finale","Giorgia","Parole dette male","6","28","0.1852","","7"
"2023","5","Partecipanti e classifica finale","Madame","Il bene nel male","7","28","0.2222","","6"
"2023","5","Partecipanti e classifica finale","Rosa Chemical","Made in Italy","8","28","0.2593","","14"
"2023","5","Partecipanti e classifica finale","Elodie","Due","9","28","0.2963","","9"
"2023","5","Partecipanti e classifica finale","Colapesce Dimartino","Splash","10","28","0.3333","","8"
"2023","5","Partecipanti e classifica finale","Modà","Lasciami","11","28","0.3704","","12"
"2023","5","Quinta serata - Finale","Cugini di Campagna","Lettera 22","12","28","0.4074","","23"
"2023","5","Partecipanti e classifica finale","Gianluca Grignani","Quando ti manca il fiato","12","28","0.4074","","13"
"2023","5","Partecipanti e classifica finale","Coma_Cose","L'addio","13","28","0.4444","",""
"2023","5","Partecipanti e classifica finale","Ariete","Mare di guai","14","28","0.4815","","16"
"2023","5","Partecipanti e classifica finale","LDA","Se poi domani","15","28","0.5185","","17"
"2023","5","Partecipanti e classifica finale","Articolo 31","Un bel viaggio","16","28","0.5556","","10"
"2023","5","Partecipanti e classifica finale","Paola & Chiara","Furore","17","28","0.5926","","15"
"2023","5","Partecipanti e classifica finale","Leo Gassmann","Terzo cuore","18","28","0.6296","","18"
"2023","5","Partecipanti e classifica finale","Mara Sattei","Duemilaminuti","19","28","0.6667","","21"
"2023","5","Partecipanti e classifica finale","Colla Zio","Non mi va","20","28","0.7037","","19"
"2023","5","Partecipanti e classifica finale","I Cugini di Campagna","Lettera 22","21","28","0.7407","","23"
"2023","5","Partecipanti e classifica finale","Gianmaria","Mostro","22","28","0.7778","","20"
"2023","5","Partecipanti e classifica finale","Levante","Vivo","23","28","0.8148","","11"
"2023","5","Partecipanti e classifica finale","Olly","Polvere","24","28","0.8519","","22"
"2023","5","Partecipanti e classifica finale","Anna Oxa","Sali (canto dell'anima)","25","28","0.8889","","24"
"2023","5","Partecipanti e classifica finale","Will","Stupido","26","28","0.9259","","27"
"2023","5","Partecipanti e classifica finale","Shari","Egoista","27","28","0.963","","26"
"2023","5","Partecipanti e classifica finale","Sethu","Cause perse","28","28","1.0","","28"
"2024","1","Prima serata","Clara","Diamanti grezzi","1","30","0.0","","18"
"2024","1","Prima serata","Sangiovanni","Finiscimi","2","30","0.0345","","21"
"2024","1","Prima serata","Fiorella Mannoia","Mariposa","3","30","0.069","","15"
"2024","1","Prima serata","La Sad","Autodistruttivo","4","30","0.1034","","19"
"2024","1","Prima serata","Irama","Tu no","5","30","0.1379","","5"
"2024","1","Prima serata","Ghali","Casa mia","6","30","0.1724","","4"
"2024","1","Prima serata","Negramaro","Ricominciamo tutto","7","30","0.2069","","6"
"2024","1","Prima serata","Annalisa","Sinceramente","8","30","0.2414","","3"
"2024","1","Prima serata","Mahmood","Tuta gold","9","30","0.2759","","8"
"2024","1","Prima serata","Diodato","Ti muovi","10","30","0.3103","","22"
"2024","1","Prima serata","Loredana Bertè","Pazza","11","30","0.3448","","12"
"2024","1","Prima serata","Geolier","I p' me, tu p' te","12","30","0.3793","","2"
"2024","1","Prima serata","Alessandra Amoroso","Fino a qui","13","30","0.4138","","13"
"2024","1","Prima serata","The Kolors","Un ragazzo una ragazza","14","30","0.4483","","7"
"2024","1","Prima serata","Angelina Mango","La noia","15","30","0.4828","","1"
"2024","1","Prima serata","Il Volo","Capolavoro","16","30","0.5172","","9"
"2024","1","Prima serata","BigMama","La rabbia non ti basta","17","30","0.5517","","24"
"2024","1","Prima serata","Ricchi e Poveri","Ma non tutta la vita","18","30","0.5862","","14"
"2024","1","Prima serata","Emma","Apnea","19","30","0.6207","","10"
"2024","1","Prima serata","Renga Nek","Pazzo di te","20","30","0.6552","","11"
"2024","1","Prima serata","Mr. Rain","Due altalene","21","30","0.6897","",""
"2024","1","Prima serata","Bnkr44","Governo punk","22","30","0.7241","","27"
"2024","1","Prima serata","Gazzelle","Tutto qui","23","30","0.7586","",""
"2024","1","Prima serata","Dargen D'Amico","Onda alta","24","30","0.7931","","16"
"2024","1","Prima serata","Rose Villain","Click boom!","25","30","0.8276","","20"
"2024","1","Prima serata","Santi Francesi","L'amore in bocca","26","30","0.8621","","23"
"2024","1","Prima serata","Fred De Palma","Il cielo non ci vuole","27","30","0.8966","","25"
"2024","1","Prima serata","Maninni","Spettacolare","28","30","0.931","",""
"2024","1","Prima serata","Alfa","Vai!","29","30","0.9655","","26"
"2024","1","Prima serata","Il Tre","Fragili","30","30","1.0","","9"
"2024","2","Seconda serata","Fred De Palma","Il cielo non ci vuole","1","15","0.0","","25"
"2024","2","Seconda serata","Renga Nek","Pazzo di te","2","15","0.0714","","11"
"2024","2","Seconda serata","Alfa","Vai!","3","15","0.1429","","26"
"2024","2","Seconda serata","Dargen D'Amico","Onda alta","4","15","0.2143","","16"
"2024","2","Seconda serata","Il Volo","Capolavoro","5","15","0.2857","","9"
"2024","2","Seconda serata","Gazzelle","Tutto qui","6","15","0.3571","",""
"2024","2","Seconda serata","Emma","Apnea","7","15","0.4286","","10"
"2024","2","Seconda serata","Mahmood","Tuta gold","8","15","0.5","","8"
"2024","2","Seconda serata","BigMama","La rabbia non ti basta","9","15","0.5714","","24"
"2024","2","Seconda serata","The Kolors","Un ragazzo una ragazza","10","15","0.6429","","7"
"2024","2","Seconda serata","Geolier","I p' me, tu p' te","11","15","0.7143","","2"
"2024","2","Seconda serata","Loredana Bertè","Pazza","12","15","0.7857","","12"
"2024","2","Seconda serata","Annalisa","Sinceramente","13","15","0.8571","","3"
"2024","2","Seconda serata","Irama","Tu no","14","15","0.9286","","5"
"2024","2","Seconda serata","Clara","Diamanti grezzi","15","15","1.0","","18"
"2024","3","Terza serata","Il Tre","Fragili","1","15","0.0","","9"
"2024","3","Terza serata","Maninni","Spettacolare","2","15","0.0714","",""
"2024","3","Terza serata","Bnkr44","Governo punk","3","15","0.1429","","27"
"2024","3","Terza serata","Santi Francesi","L'amore in bocca","4","15","0.2143","","23"
"2024","3","Terza serata","Mr. Rain","Due altalene","5","15","0.2857","",""
"2024","3","Terza serata","Rose Villain","Click boom!","6","15","0.3571","","20"
"2024","3","Terza serata","Alessandra Amoroso","Fino a qui","7","15","0.4286","","13"
"2024","3","Terza serata","Ricchi e Poveri","Ma non tutta la vita","8","15","0.5","","14"
"2024","3","Terza serata","Angelina Mango","La noia","9","15","0.5714","","1"
"2024","3","Terza serata","Diodato","Ti muovi","10","15","0.6429","","22"
"2024","3","Terza serata","Ghali","Casa mia","11","15","0.7143","","4"
"2024","3","Terza serata","Negramaro","Ricominciamo tutto","12","15","0.7857","","6"
"2024","3","Terza serata","Fiorella Mannoia","Mariposa","13","15","0.8571","","15"
"2024","3","Terza serata","Sangiovanni","Finiscimi","14","15","0.9286","","21"
"2024","3","Terza serata","La Sad","Autodistruttivo","15","15","1.0","","19"
"2024","4","Quarta serata","Sangiovanni","Farfalle (Sangiovanni - 2022) / Mariposas (Sangiovanni e Aitana - 2022)","1","30","0.0","","21"
"2024","4","Quarta serata","Annalisa","Sweet Dreams (Are Made of This) (Eurythmics - 1983)","2","30","0.0345","","3"
"2024","4","Quarta serata","Rose Villain","Medley Gianna Nannini (Medley)","3","30","0.069","","20"
"2024","4","Quarta serata","Gazzelle","Notte prima degli esami (Antonello Venditti - 1984)","4","30","0.1034","",""
"2024","4","Quarta serata","The Kolors","Medley Umberto Tozzi (Medley)","5","30","0.1379","","7"
"2024","4","Quarta serata","Alfa","Sogna ragazzo sogna (Roberto Vecchioni - 1999)","6","30","0.1724","","26"
"2024","4","Quarta serata","Bnkr44","Ma quale idea (Pino D'Angiò - 1980)","7","30","0.2069","","27"
"2024","4","Quarta serata","Irama","Quando finisce un amore (Riccardo Cocciante - 1974)","8","30","0.2414","","5"
"2024","4","Quarta serata","Fiorella Mannoia","Che sia benedetta (Fiorella Mannoia - 2017) / Occidentali's Karma (Francesco Gabbani - 2017)","9","30","0.2759","","15"
"2024","4","Quarta serata","Santi Francesi","Hallelujah (Leonard Cohen - 1984)","10","30","0.3103","","23"
"2024","4","Quarta serata","Ricchi e Poveri","Sarà perché ti amo (Ricchi e Poveri - 1981) / Mamma Maria (Ricchi e Poveri - 1982)","11","30","0.3448","","14"
"2024","4","Quarta serata","Ghali","Italiano vero (Medley)","12","30","0.3793","","4"
"2024","4","Quarta serata","Clara","Il cerchio della vita (Ivana Spagna - 1995)","13","30","0.4138","","18"
"2024","4","Quarta serata","Loredana Bertè","Ragazzo mio (Luigi Tenco - 1964)","14","30","0.4483","","12"
"2024","4","Quarta serata","Geolier","Strade (Medley)","15","30","0.4828","","2"
"2024","4","Quarta serata","Angelina Mango","La rondine (Mango - 2002)","16","30","0.5172","","1"
"2024","4","Quarta serata","Alessandra Amoroso","Medley","17","30","0.5517","","13"
"2024","4","Quarta serata","Dargen D'Amico","Omaggio a Ennio Morricone","18","30","0.5862","","16"
"2024","4","Quarta serata","Mahmood","Come è profondo il mare (Lucio Dalla - 1977)","19","30","0.6207","","8"
"2024","4","Quarta serata","Mr. Rain","Mary (Gemelli DiVersi - 2003) / Supereroi (Mr. Rain - 2023)","20","30","0.6552","",""
"2024","4","Quarta serata","Negramaro","La canzone del sole (Lucio Battisti - 1971)","21","30","0.6897","","6"
"2024","4","Quarta serata","Emma","Medley Tiziano Ferro (Medley)","22","30","0.7241","","10"
"2024","4","Quarta serata","Il Volo","Who Wants to Live Forever (Queen - 1986)","23","30","0.7586","","9"
"2024","4","Quarta serata","Diodato","Amore che vieni, amore che vai (Fabrizio De André - 1966)","24","30","0.7931","","22"
"2024","4","Quarta serata","La Sad","Lamette (Donatella Rettore - 1982)","25","30","0.8276","","19"
"2024","4","Quarta serata","Il Tre","Medley Fabrizio Moro (Medley)","26","30","0.8621","","9"
"2024","4","Quarta serata","BigMama","Lady Marmalade (Christina Aguilera, Lil' Kim, Mýa e Pink - 2001)","27","30","0.8966","","24"
"2024","4","Quarta serata","Maninni","Non mi avete fatto niente (Ermal Meta e Fabrizio Moro - 2018)","28","30","0.931","",""
"2024","4","Quarta serata","Fred De Palma","Medley Eiffel 65 (Medley)","29","30","0.9655","","25"
"2024","4","Quarta serata","Renga Nek","Medley Renga Nek (Medley)","30","30","1.0","","11"
"2024","5","Partecipanti e classifica finale","Angelina Mango","La noia","1","30","0.0","","1"
"2024","5","Partecipanti e classifica finale","Geolier","I p' me, tu p' te","2","30","0.0345","","2"
"2024","5","Partecipanti e classifica finale","Annalisa","Sinceramente","3","30","0.069","","3"
"2024","5","Partecipanti e classifica finale","Ghali","Casa mia","4","30","0.1034","","4"
"2024","5","Partecipanti e classifica finale","Irama","Tu no","5","30","0.1379","","5"
"2024","5","Partecipanti e classifica finale","Mahmood","Tuta gold","6","30","0.1724","","8"
"2024","5","Partecipanti e classifica finale","Loredana Bertè","Pazza","7","30","0.2069","","12"
"2024","5","Partecipanti e classifica finale","Il Volo","Capolavoro","8","30","0.2414","","9"
"2024","5","Partecipanti e classifica finale","Alessandra Amoroso","Fino a qui","9","30","0.2759","","13"
"2024","5","Partecipanti e classifica finale","Alfa","Vai!","10","30","0.3103","","26"
"2024","5","Partecipanti e classifica finale","Gazzelle","Tutto qui","11","30","0.3448","",""
"2024","5","Partecipanti e classifica finale","Il Tre","Fragili","12","30","0.3793","","9"
"2024","5","Partecipanti e classifica finale","Diodato","Ti muovi","13","30","0.4138","","22"
"2024","5","Partecipanti e classifica finale","Emma","Apnea","14","30","0.4483","","10"
"2024","5","Partecipanti e classifica finale","Fiorella Mannoia","Mariposa","15","30","0.4828","","15"
"2024","5","Partecipanti e classifica finale","The Kolors","Un ragazzo una ragazza","16","30","0.5172","","7"
"2024","5","Partecipanti e classifica finale","Mr. Rain","Due altalene","17","30","0.5517","",""
"2024","5","Partecipanti e classifica finale","Santi Francesi","L'amore in bocca","18","30","0.5862","","23"
"2024","5","Partecipanti e classifica finale","Negramaro","Ricominciamo tutto","19","30","0.6207","","6"
"2024","5","Partecipanti e classifica finale","Dargen D'Amico","Onda alta","20","30","0.6552","","16"
"2024","5","Partecipanti e classifica finale","Ricchi e Poveri","Ma non tutta la vita","21","30","0.6897","","14"
"2024","5","Partecipanti e classifica finale","BigMama","La rabbia non ti basta","22","30","0.7241","","24"
"2024","5","Partecipanti e classifica finale","Rose Villain","Click boom!","23","30","0.7586","","20"
"2024","5","Partecipanti e classifica finale","Clara","Diamanti grezzi","24","30","0.7931","","18"
"2024","5","Partecipanti e classifica finale","Renga Nek","Pazzo di te","25","30","0.8276","","11"
"2024","5","Partecipanti e classifica finale","Maninni","Spettacolare","26","30","0.8621","",""
"2024","5","Partecipanti e classifica finale","La Sad","Autodistruttivo","27","30","0.8966","","19"
"2024","5","Partecipanti e classifica finale","Bnkr44","Governo punk","28","30","0.931","","27"
"2024","5","Partecipanti e classifica finale","Sangiovanni","Finiscimi","29","30","0.9655","","21"
"2024","5","Partecipanti e classifica finale","Fred De Palma","Il cielo non ci vuole","30","30","1.0","","25"
"2025","1","Prima serata","Gaia","","1","29","0.0","","26"
"2025","1","Prima serata","Francesco Gabbani","","2","29","0.0357","","8"
"2025","1","Prima serata","Rkomi","","3","29","0.0714","","28"
"2025","1","Prima serata","Noemi","","4","29","0.1071","","13"
"2025","1","Prima serata","Irama","","5","29","0.1429","","9"
"2025","1","Prima serata","Coma_Cose","","6","29","0.1786","","10"
"2025","1","Prima serata","Simone Cristicchi","","7","29","0.2143","","5"
"2025","1","Prima serata","Marcella Bella","","8","29","0.25","","29"
"2025","1","Prima serata","Achille Lauro","","9","29","0.2857","","7"
"2025","1","Prima serata","Giorgia","","10","29","0.3214","","6"
"2025","1","Prima serata","Willie Peyote","","11","29","0.3571","","16"
"2025","1","Prima serata","Rose Villain","","12","29","0.3929","","19"
"2025","1","Prima serata","Olly","","13","29","0.4286","","1"
"2025","1","Prima serata","Elodie","","14","29","0.4643","","12"
"2025","1","Prima serata","Shablo con Guè, Joshua e Tormento","La mia parola","15","29","0.5","","18"
"2025","1","Prima serata","Shablo feat. Gue, Joshua e Tormento","","15","29","0.5","","18"
"2025","1","Prima serata","Massimo Ranieri","","16","29","0.5357","","23"
"2025","1","Prima serata","Tony Effe","","17","29","0.5714","","25"
"2025","1","Prima serata","Serena Brancale","","18","29","0.6071","","24"
"2025","1","Prima serata","Brunori Sas","","19","29","0.6429","","3"
"2025","1","Prima serata","Moda","","20","29","0.6786","","22"
"2025","1","Prima serata","Modà","Non ti dimentico","20","29","0.6786","",""
"2025","1","Prima serata","Clara","","21","29","0.7143","","27"
"2025","1","Prima serata","Fedez","","22","29","0.75","","4"
"2025","1","Prima serata","Lucio Corsi","","23","29","0.7857","","2"
"2025","1","Prima serata","Bresh","","24","29","0.8214","","11"
"2025","1","Prima serata","Sarah Toscano","","25","29","0.8571","","17"
"2025","1","Prima serata","Joan Thiele","","26","29","0.8929","","20"
"2025","1","Prima serata","Rocco Hunt","","27","29","0.9286","","15"
"2025","1","Prima serata","Francesca Michielin","","28","29","0.9643","","21"
"2025","1","Prima serata","The Kolors","","29","29","1.0","","14"
"2025","2","Seconda serata","Rocco Hunt","","1","15","0.0","","15"
"2025","2","Seconda serata","Elodie","","2","15","0.0714","","12"
"2025","2","Seconda serata","Lucio Corsi","","3","15","0.1429","","2"
"2025","2","Seconda serata","The Kolors","","4","15","0.2143","","14"
"2025","2","Seconda serata","Serena Brancale","","5","15","0.2857","","24"
"2025","2","Seconda serata","Fedez","","6","15","0.3571","","4"
"2025","2","Seconda serata","Francesca Michielin","","7","15","0.4286","","21"
"2025","2","Seconda serata","Simone Cristicchi","","8","15","0.5","","5"
"2025","2","Seconda serata","Marcella Bella","","9","15","0.5714","","29"
"2025","2","Seconda serata","Bresh","","10","15","0.6429","","11"
"2025","2","Seconda serata","Achille Lauro","","11","15","0.7143","","7"
"2025","2","Seconda serata","Giorgia","","12","15","0.7857","","6"
"2025","2","Seconda serata","Rkomi","","13","15","0.8571","","28"
"2025","2","Seconda serata","Rose Villain","","14","15","0.9286","","19"
"2025","2","Seconda serata","Willie Peyote","","15","15","1.0","","16"
"2025","3","Terza serata","Clara","","1","14","0.0","","27"
"2025","3","Terza serata","Brunori Sas","","2","14","0.0769","","3"
"2025","3","Terza serata","Sarah Toscano","","3","14","0.1538","","17"
"2025","3","Terza serata","Massimo Ranieri","","4","14","0.2308","","23"
"2025","3","Terza serata","Joan Thiele","","5","14","0.3077","","20"
"2025","3","Terza serata","Shablo con Guè, Joshua e Tormento","La mia parola","6","14","0.3846","","18"
"2025","3","Terza serata","Shablo feat. Gue, Joshua e Tormento","","6","14","0.3846","","18"
"2025","3","Terza serata","Noemi","","7","14","0.4615","","13"
"2025","3","Terza serata","Olly","","8","14","0.5385","","1"
"2025","3","Terza serata","Coma_Cose","","9","14","0.6154","","10"
"2025","3","Terza serata","Moda","","10","14","0.6923","","22"
"2025","3","Terza serata","Modà","Non ti dimentico","10","14","0.6923","",""
"2025","3","Terza serata","Tony Effe","","11","14","0.7692","","25"
"2025","3","Terza serata","Irama","","12","14","0.8462","","9"
"2025","3","Terza serata","Francesco Gabbani","","13","14","0.9231","","8"
"2025","3","Terza serata","Gaia","","14","14","1.0","","26"
"2025","4","Quarta serata","Rose Villain","Fiori rosa fiori di pesco (Lucio Battisti – 1970)","1","26","0.0","","19"
"2025","4","Quarta serata","Modà","Angelo (Francesco Renga – 2005)","2","26","0.04","",""
"2025","4","Quarta serata","Clara","The Sound of Silence (Simon & Garfunkel – 1965)","3","26","0.08","","27"
"2025","4","Quarta serata","Noemi e Tony Effe","Tutto il resto è noia (Franco Califano – 1977)","4","26","0.12","","13"
"2025","4","Quarta serata","Rkomi e Francesca Michielin","La nuova stella di Broadway (Cesare Cremonini – 2013)","5","26","0.16","","21"
"2025","4","Quarta serata","Lucio Corsi","Nel blu, dipinto di blu (Domenico Modugno – 1958)","6","26","0.2","","2"
"2025","4","Quarta serata","Serena Brancale","If I Ain't Got You (Alicia Keys – 2004)","7","26","0.24","","24"
"2025","4","Quarta serata","Irama","Say Something (A Great Big World feat. Christina Aguilera – 2013)","8","26","0.28","","9"
"2025","4","Quarta serata","Gaia","La voglia, la pazzia (Ornella Vanoni – 1976)","9","26","0.32","","26"
"2025","4","Quarta serata","The Kolors","Rossetto e caffè (Sal Da Vinci – 2024)","10","26","0.36","","14"
"2025","4","Quarta serata","Marcella Bella","L'emozione non ha voce (Adriano Celentano – 1999)","11","26","0.4","","29"
"2025","4","Quarta serata","Rocco Hunt","Yes I Know My Way (Pino Daniele – 1981)","12","26","0.44","","15"
"2025","4","Quarta serata","Francesco Gabbani","Io sono Francesco (Tricarico – 2000)","13","26","0.48","","8"
"2025","4","Quarta serata","Giorgia","Skyfall (Adele – 2012)","14","26","0.52","","6"
"2025","4","Quarta serata","Simone Cristicchi","La cura (Franco Battiato – 1996)","15","26","0.56","","5"
"2025","4","Quarta serata","Sarah Toscano","Overdrive (Ofenbach feat. Norma Jean Martine – 2023)","16","26","0.6","","17"
"2025","4","Quarta serata","Coma_Cose","L'estate sta finendo (Righeira – 1985)","17","26","0.64","","10"
"2025","4","Quarta serata","Joan Thiele","Che cosa c'è (Gino Paoli – 1964)","18","26","0.68","","20"
"2025","4","Quarta serata","Olly","Il pescatore (Fabrizio De André – 1970)","19","26","0.72","","1"
"2025","4","Quarta serata","Elodie e Achille Lauro","A mano a mano (Riccardo Cocciante – 1978) / Folle città (Loredana Bertè – 1979)","20","26","0.76","","7"
"2025","4","Quarta serata","Massimo Ranieri","Quando (Pino Daniele – 1991)","21","26","0.8","","23"
"2025","4","Quarta serata","Willie Peyote","Un tempo piccolo (Franco Califano – 2005)","22","26","0.84","","16"
"2025","4","Quarta serata","Brunori Sas","L'anno che verrà (Lucio Dalla – 1979)","23","26","0.88","","3"
"2025","4","Quarta serata","Fedez","Bella stronza (Marco Masini – 1995)","24","26","0.92","","4"
"2025","4","Quarta serata","Bresh","Creuza de mä (Fabrizio De André – 1984)","25","26","0.96","","11"
"2025","4","Quarta serata","Shablo con Guè, Joshua e Tormento","Aspettando il sole (Neffa – 1996) / Amor de mi vida (Sottotono – 1999)","26","26","1.0","","18"
"2025","5","Serata finale","Francesca Michielin","","1","29","0.0","","21"
"2025","5","Serata finale","Willie Peyote","","2","29","0.0357","","16"
"2025","5","Serata finale","Marcella Bella","","3","29","0.0714","","29"
"2025","5","Serata finale","Bresh","","4","29","0.1071","","11"
"2025","5","Serata finale","Moda","","5","29","0.1429","","22"
"2025","5","Serata finale","Rose Villain","","6","29","0.1786","","19"
"2025","5","Serata finale","Tony Effe","","7","29","0.2143","","25"
"2025","5","Serata finale","Clara","","8","29","0.25","","27"
"2025","5","Serata finale","Serena Brancale","","9","29","0.2857","","24"
"2025","5","Serata finale","Brunori Sas","","10","29","0.3214","","3"
"2025","5","Serata finale","Francesco Gabbani","","11","29","0.3571","","8"
"2025","5","Serata finale","Noemi","","12","29","0.3929","","13"
"2025","5","Serata finale","Rocco Hunt","","13","29","0.4286","","15"
"2025","5","Serata finale","The Kolors","","14","29","0.4643","","14"
"2025","5","Serata finale","Olly","","15","29","0.5","","1"
"2025","5","Serata finale","Achille Lauro","","16","29","0.5357","","7"
"2025","5","Serata finale","Coma_Cose","","17","29","0.5714","","10"
"2025","5","Serata finale","Giorgia","","18","29","0.6071","","6"
"2025","5","Partecipanti e classifica finale","Shablo con Guè, Joshua e Tormento","La mia parola","18","30","0.5862","","18"
"2025","5","Serata finale","Simone Cristicchi","","19","29","0.6429","","5"
"2025","5","Serata finale","Elodie","","20","29","0.6786","","12"
"2025","5","Serata finale","Lucio Corsi","","21","29","0.7143","","2"
"2025","5","Serata finale","Irama","","22","29","0.75","","9"
"2025","5","Partecipanti e classifica finale","Modà","Non ti dimentico","22","30","0.7241","",""
"2025","5","Serata finale","Fedez","","23","29","0.7857","","4"
"2025","5","Serata finale","Shablo feat. Gue, Joshua e Tormento","","24","29","0.8214","","18"
"2025","5","Serata finale","Massimo Ranieri","","25","29","0.8571","","23"
"2025","5","Serata finale","Gaia","","26","29","0.8929","","26"
"2025","5","Serata finale","Joan Thiele","","27","29","0.9286","","20"
"2025","5","Serata finale","Rkomi","","28","29","0.9643","","28"
"2025","5","Serata finale","Sarah Toscano","","29","29","1.0","","17"
"2025","5","Partecipanti e classifica finale","Emis Killa","Demoni","30","30","1.0","",""
"2026","1","Prima serata","Ditonellapiaga","Che fastidio!","1","30","0.0","",""
"2026","1","Prima serata","Michele Bravi","Prima o poi","2","30","0.0345","",""
"2026","1","Prima serata","Sayf","Tu mi piaci tanto","3","30","0.069","",""
"2026","1","Prima serata","Mara Sattei","Le cose che non sai di me","4","30","0.1034","",""
"2026","1","Prima serata","Dargen D'Amico","Ai ai","5","30","0.1379","",""
"2026","1","Prima serata","Arisa","Magica favola","6","30","0.1724","",""
"2026","1","Prima serata","Luchè","Labirinto","7","30","0.2069","",""
"2026","1","Prima serata","Tommaso Paradiso","I romantici","8","30","0.2414","",""
"2026","1","Prima serata","Elettra Lamborghini","Voilà","9","30","0.2759","",""
"2026","1","Prima serata","Patty Pravo","Opera","10","30","0.3103","",""
"2026","1","Prima serata","Samurai Jay","Ossessione","11","30","0.3448","",""
"2026","1","Prima serata","Raf","Ora e per sempre","12","30","0.3793","",""
"2026","1","Prima serata","J-Ax","Italia Starter Pack","13","30","0.4138","",""
"2026","1","Prima serata","Fulminacci","Stupida sfortuna","14","30","0.4483","",""
"2026","1","Prima serata","Levante","Sei tu","15","30","0.4828","",""
"2026","1","Prima serata","Fedez e Masini","Male necessario","16","30","0.5172","",""
"2026","1","Prima serata","Ermal Meta","Stella stellina","17","30","0.5517","",""
"2026","1","Prima serata","Serena Brancale","Qui con me","18","30","0.5862","",""
"2026","1","Prima serata","Nayt","Prima che","19","30","0.6207","",""
"2026","1","Prima serata","Malika Ayane","Animali notturni","20","30","0.6552","",""
"2026","1","Prima serata","Eddie Brock","Avvoltoi","21","30","0.6897","",""
"2026","1","Prima serata","Sal Da Vinci","Per sempre sì","22","30","0.7241","",""
"2026","1","Prima serata","Enrico Nigiotti","Ogni volta che non so volare","23","30","0.7586","",""
"2026","1","Prima serata","Tredici Pietro","Uomo che cade","24","30","0.7931","",""
"2026","1","Prima serata","Chiello","Ti penso sempre","25","30","0.8276","",""
"2026","1","Prima serata","Bambole di pezza","Resta con me","26","30","0.8621","",""
"2026","1","Prima serata","Maria Antonietta e Colombre","La felicità e basta","27","30","0.8966","",""
"2026","1","Prima serata","Leo Gassmann","Naturale","28","30","0.931","",""
"2026","1","Prima serata","Francesco Renga","Il meglio di me","29","30","0.9655","",""
"2026","1","Prima serata","LDA e AKA 7even","Poesie clandestine","30","30","1.0","",""
"2026","2","Seconda serata","Patty Pravo","","1","15","0.0","",""
"2026","2","Seconda serata","LDA & Aka 7even","","2","15","0.0714","",""
"2026","2","Seconda serata","Enrico Nigiotti","","3","15","0.1429","",""
"2026","2","Seconda serata","Tommaso Paradiso","","4","15","0.2143","",""
"2026","2","Seconda serata","Elettra Lamborghini","","5","15","0.2857","",""
"2026","2","Seconda serata","Ermal Meta","","6","15","0.3571","",""
"2026","2","Seconda serata","Levante","","7","15","0.4286","",""
"2026","2","Seconda serata","Bambole di pezza","","8","15","0.5","",""
"2026","2","Seconda serata","Chiello","","9","15","0.5714","",""
"2026","2","Seconda serata","J-Ax","","10","15","0.6429","",""
"2026","2","Seconda serata","Nayt","","11","15","0.7143","",""
"2026","2","Seconda serata","Fulminacci","","12","15","0.7857","",""
"2026","2","Seconda serata","Fedez & Masini","","13","15","0.8571","",""
"2026","2","Seconda serata","Dargen D'Amico","","14","15","0.9286","",""
"2026","2","Seconda serata","Ditonellapiaga","","15","15","1.0","",""
"2026","3","Terza serata","Maria Antonietta e Colombre","La felicità e basta","1","15","0.0","",""
"2026","3","Terza serata","Leo Gassmann","Naturale","2","15","0.0714","",""
"2026","3","Terza serata","Malika Ayane","Animali notturni","3","15","0.1429","",""
"2026","3","Terza serata","Sal Da Vinci","Per sempre si","4","15","0.2143","",""
"2026","3","Terza serata","Tredici Pietro","Uomo che cade","5","15","0.2857","",""
"2026","3","Terza serata","Raf","Ora e per sempre","6","15","0.3571","",""
"2026","3","Terza serata","Francesco Renga","Il meglio di me","7","15","0.4286","",""
"2026","3","Terza serata","Eddie Brock","Avvoltoi","8","15","0.5","",""
"2026","3","Terza serata","Serena Brancale","Qui con me","9","15","0.5714","",""
"2026","3","Terza serata","Samurai Jay","Ossessione","10","15","0.6429","",""
"2026","3","Terza serata","Arisa","Magica favola","11","15","0.7143","",""
"2026","3","Terza serata","Michele Bravi","Prima o poi","12","15","0.7857","",""
"2026","3","Terza serata","Luchè","Labirinto","13","15","0.8571","",""
"2026","3","Terza serata","Mara Sattei","Le cose che non sai di me","14","15","0.9286","",""
"2026","3","Terza serata","Sayf","Tu mi piaci tanto","15","15","1.0","",""
"2026","4","Quarta serata","Arisa","Quello che le donne non dicono (Fiorella Mannoia - 1987)","1","30","0.0","",""
"2026","4","Quarta serata","Bambole di pezza","Occhi di gatto (Cristina D'Avena - 1985)","2","30","0.0345","",""
"2026","4","Quarta serata","Chiello","Mi sono innamorato di te (Luigi Tenco - 1962)","3","30","0.069","",""
"2026","4","Quarta serata","Dargen D'Amico","Su di noi (Pupo - 1980)","4","30","0.1034","",""
"2026","4","Quarta serata","Ditonellapiaga","The Lady Is a Tramp (Mitzi Green - 1937)","5","30","0.1379","",""
"2026","4","Quarta serata","Eddie Brock","Portami via (Fabrizio Moro - 2017)","6","30","0.1724","",""
"2026","4","Quarta serata","Elettra Lamborghini","Aserejé (Las Ketchup - 2002)","7","30","0.2069","",""
"2026","4","Quarta serata","Enrico Nigiotti","En e Xanax (Samuele Bersani - 2013)","8","30","0.2414","",""
"2026","4","Quarta serata","Ermal Meta","Golden Hour (Jvke - 2022)","9","30","0.2759","",""
"2026","4","Quarta serata","Fedez e Masini","Meravigliosa creatura (Gianna Nannini - 1995)","10","30","0.3103","",""
"2026","4","Quarta serata","Francesco Renga","Ragazzo solo, ragazza sola (David Bowie - 1970)","11","30","0.3448","",""
"2026","4","Quarta serata","Fulminacci","Parole parole (Mina e Alberto Lupo - 1972)","12","30","0.3793","",""
"2026","4","Quarta serata","J-Ax","E la vita, la vita (Cochi e Renato - 1974)","13","30","0.4138","",""
"2026","4","Quarta serata","LDA e AKA 7even","Andamento lento (Tullio De Piscopo - 1988)","14","30","0.4483","",""
"2026","4","Quarta serata","Leo Gassmann","Era già tutto previsto (Riccardo Cocciante - 1975)","15","30","0.4828","",""
"2026","4","Quarta serata","Levante","I maschi (Gianna Nannini - 1987)","16","30","0.5172","",""
"2026","4","Quarta serata","Luchè","Falco a metà (Gianluca Grignani - 1995)","17","30","0.5517","",""
"2026","4","Quarta serata","Malika Ayane","Mi sei scoppiato dentro al cuore (Mina - 1966)","18","30","0.5862","",""
"2026","4","Quarta serata","Mara Sattei","L'ultimo bacio (Carmen Consoli - 2000)","19","30","0.6207","",""
"2026","4","Quarta serata","Maria Antonietta e Colombre","Il mondo (Jimmy Fontana - 1965)","20","30","0.6552","",""
"2026","4","Quarta serata","Michele Bravi","Domani è un altro giorno (Ornella Vanoni - 1971)","21","30","0.6897","",""
"2026","4","Quarta serata","Nayt","La canzone dell'amore perduto (Fabrizio De André - 1966)","22","30","0.7241","",""
"2026","4","Quarta serata","Patty Pravo","Ti lascio una canzone (Ornella Vanoni e Gino Paoli - 1985)","23","30","0.7586","",""
"2026","4","Quarta serata","Raf","The Riddle (Nik Kershaw - 1984)","24","30","0.7931","",""
"2026","4","Quarta serata","Sal Da Vinci","Cinque giorni (Michele Zarrillo - 1994)","25","30","0.8276","",""
"2026","4","Quarta serata","Samurai Jay","Baila morena (Zucchero Fornaciari - 2001)","26","30","0.8621","",""
"2026","4","Quarta serata","Sayf","Hit the Road Jack (Ray Charles - 1961)","27","30","0.8966","",""
"2026","4","Quarta serata","Serena Brancale","Bésame mucho (Consuelo Velázquez - 1940)","28","30","0.931","",""
"2026","4","Quarta serata","Tommaso Paradiso","L'ultima luna (Lucio Dalla - 1979)","29","30","0.9655","",""
"2026","4","Quarta serata","Tredici Pietro","Vita (Gianni Morandi e Lucio Dalla - 1988)","30","30","1.0","",""
